Feature,SHAP Value,Feature Value
Age,0.11899003117457191,37.0
Workclass,0.01648232490192213,4.0
Education-Num,-0.02605952418309252,10.0
Marital Status,0.08713463890912793,2.0
Occupation,0.08189133991004552,4.0
Relationship,0.10420010228600188,4.0
Race,0.00567783968272565,2.0
Sex,0.013674783483183309,1.0
Capital Gain,-0.003654988220243317,0.0
Capital Loss,-0.006885512259434047,0.0
Hours per week,0.22374158863926452,80.0
Country,0.0060459973643894535,39.0
